taxon,page_url,url
Andrena agilissima,https://observation.org/photos/95479773/,https://www.observation.org/media/photo/95479773.jpg
Andrena agilissima,https://observation.org/photos/95479772/,https://www.observation.org/media/photo/95479772.jpg
Andrena agilissima,https://observation.org/photos/92607893/,https://www.observation.org/media/photo/92607893.jpg
Andrena agilissima,https://observation.org/photos/92607891/,https://www.observation.org/media/photo/92607891.jpg
Andrena agilissima,https://observation.org/photos/92430410/,https://www.observation.org/media/photo/92430410.jpg
Andrena agilissima,https://observation.org/photos/92218219/,https://www.observation.org/media/photo/92218219.jpg
Andrena agilissima,https://observation.org/photos/91850080/,https://www.observation.org/media/photo/91850080.jpg
Andrena agilissima,https://observation.org/photos/121716868/,https://www.observation.org/media/photo/121716868.jpg
Andrena agilissima,https://observation.org/photos/120724275/,https://www.observation.org/media/photo/120724275.jpg
Andrena agilissima,https://observation.org/photos/120064069/,https://www.observation.org/media/photo/120064069.jpg
Andrena agilissima,https://observation.org/photos/118639579/,https://www.observation.org/media/photo/118639579.jpg
Andrena agilissima,https://observation.org/photos/118413466/,https://www.observation.org/media/photo/118413466.jpg
Andrena agilissima,https://observation.org/photos/70592900/,https://www.observation.org/media/photo/70592900.jpg
Andrena agilissima,https://observation.org/photos/66930874/,https://www.observation.org/media/photo/66930874.jpg
Andrena agilissima,https://observation.org/photos/63392520/,https://www.observation.org/media/photo/63392520.jpg
Andrena agilissima,https://observation.org/photos/54953937/,https://www.observation.org/media/photo/54953937.jpg
Andrena agilissima,https://observation.org/photos/51559794/,https://www.observation.org/media/photo/51559794.jpg
Andrena agilissima,https://observation.org/photos/50817137/,https://www.observation.org/media/photo/50817137.jpg
Andrena agilissima,https://observation.org/photos/51227651/,https://www.observation.org/media/photo/51227651.jpg
Andrena agilissima,https://observation.org/photos/39169792/,https://www.observation.org/media/photo/39169792.jpg
Andrena agilissima,https://observation.org/photos/36396777/,https://www.observation.org/media/photo/36396777.jpg
Andrena agilissima,https://observation.org/photos/36700621/,https://www.observation.org/media/photo/36700621.jpg
Andrena agilissima,https://observation.org/photos/35182828/,https://www.observation.org/media/photo/35182828.jpg
Andrena agilissima,https://observation.org/photos/98922876/,https://www.observation.org/media/photo/98922876.jpg
Andrena agilissima,https://observation.org/photos/27087114/,https://www.observation.org/media/photo/27087114.jpg
Andrena agilissima,https://observation.org/photos/27021666/,https://www.observation.org/media/photo/27021666.jpg
Andrena agilissima,https://observation.org/photos/26180159/,https://www.observation.org/media/photo/26180159.jpg
Andrena agilissima,https://observation.org/photos/32085292/,https://www.observation.org/media/photo/32085292.jpg
Andrena agilissima,https://observation.org/photos/20300316/,https://www.observation.org/media/photo/20300316.jpg
Andrena agilissima,https://observation.org/photos/19608656/,https://www.observation.org/media/photo/19608656.jpg
Andrena agilissima,https://observation.org/photos/13611107/,https://www.observation.org/media/photo/13611107.jpg
Andrena agilissima,https://observation.org/photos/13562406/,https://www.observation.org/media/photo/13562406.jpg
Andrena agilissima,https://observation.org/photos/8668841/,https://www.observation.org/media/photo/8668841.jpg
Andrena agilissima,https://observation.org/photos/6714034/,https://www.observation.org/media/photo/6714034.jpg
Andrena agilissima,https://observation.org/photos/12092015/,https://www.observation.org/media/photo/12092015.jpg
Andrena agilissima,https://observation.org/photos/5308450/,https://www.observation.org/media/photo/5308450.jpg
Andrena agilissima,https://observation.org/photos/1804885/,https://www.observation.org/media/photo/1804885.jpg
Andrena flavipes,https://observation.org/photos/115154432/,https://www.observation.org/media/photo/115154432.jpg
Andrena flavipes,https://observation.org/photos/114874062/,https://www.observation.org/media/photo/114874062.jpg
Andrena flavipes,https://observation.org/photos/114702281/,https://www.observation.org/media/photo/114702281.jpg
Andrena flavipes,https://observation.org/photos/114279933/,https://www.observation.org/media/photo/114279933.jpg
Andrena flavipes,https://observation.org/photos/113855656/,https://www.observation.org/media/photo/113855656.jpg
Andrena flavipes,https://observation.org/photos/113502199/,https://www.observation.org/media/photo/113502199.jpg
Andrena flavipes,https://observation.org/photos/113384347/,https://www.observation.org/media/photo/113384347.jpg
Andrena flavipes,https://observation.org/photos/113264646/,https://www.observation.org/media/photo/113264646.jpg
Andrena flavipes,https://observation.org/photos/113038907/,https://www.observation.org/media/photo/113038907.jpg
Andrena flavipes,https://observation.org/photos/112947920/,https://www.observation.org/media/photo/112947920.jpg
Andrena flavipes,https://observation.org/photos/113089915/,https://www.observation.org/media/photo/113089915.jpg
Andrena flavipes,https://observation.org/photos/112522769/,https://www.observation.org/media/photo/112522769.jpg
Andrena flavipes,https://observation.org/photos/112327583/,https://www.observation.org/media/photo/112327583.jpg
Andrena flavipes,https://observation.org/photos/112114022/,https://www.observation.org/media/photo/112114022.jpg
Andrena flavipes,https://observation.org/photos/99998524/,https://www.observation.org/media/photo/99998524.jpg
Andrena flavipes,https://observation.org/photos/100165424/,https://www.observation.org/media/photo/100165424.jpg
Andrena flavipes,https://observation.org/photos/100014171/,https://www.observation.org/media/photo/100014171.jpg
Andrena flavipes,https://observation.org/photos/99025027/,https://www.observation.org/media/photo/99025027.jpg
Andrena flavipes,https://observation.org/photos/97567056/,https://www.observation.org/media/photo/97567056.jpg
Andrena flavipes,https://observation.org/photos/96714256/,https://www.observation.org/media/photo/96714256.jpg
Andrena flavipes,https://observation.org/photos/96630424/,https://www.observation.org/media/photo/96630424.jpg
Andrena flavipes,https://observation.org/photos/96388609/,https://www.observation.org/media/photo/96388609.jpg
Andrena flavipes,https://observation.org/photos/96211883/,https://www.observation.org/media/photo/96211883.jpg
Andrena flavipes,https://observation.org/photos/95614359/,https://www.observation.org/media/photo/95614359.jpg
Andrena flavipes,https://observation.org/photos/95600526/,https://www.observation.org/media/photo/95600526.jpg
Andrena flavipes,https://observation.org/photos/95198983/,https://www.observation.org/media/photo/95198983.jpg
Andrena flavipes,https://observation.org/photos/94809785/,https://www.observation.org/media/photo/94809785.jpg
Andrena flavipes,https://observation.org/photos/93794838/,https://www.observation.org/media/photo/93794838.jpg
Andrena flavipes,https://observation.org/photos/92759197/,https://www.observation.org/media/photo/92759197.jpg
Andrena flavipes,https://observation.org/photos/91337785/,https://www.observation.org/media/photo/91337785.jpg
Andrena flavipes,https://observation.org/photos/90843637/,https://www.observation.org/media/photo/90843637.jpg
Andrena flavipes,https://observation.org/photos/90476198/,https://www.observation.org/media/photo/90476198.jpg
Andrena flavipes,https://observation.org/photos/90309323/,https://www.observation.org/media/photo/90309323.jpg
Andrena flavipes,https://observation.org/photos/90249361/,https://www.observation.org/media/photo/90249361.jpg
Andrena flavipes,https://observation.org/photos/89614263/,https://www.observation.org/media/photo/89614263.jpg
Andrena flavipes,https://observation.org/photos/89417989/,https://www.observation.org/media/photo/89417989.jpg
Andrena flavipes,https://observation.org/photos/89274283/,https://www.observation.org/media/photo/89274283.jpg
Andrena flavipes,https://observation.org/photos/89043144/,https://www.observation.org/media/photo/89043144.jpg
Andrena flavipes,https://observation.org/photos/89029405/,https://www.observation.org/media/photo/89029405.jpg
Andrena flavipes,https://observation.org/photos/88820634/,https://www.observation.org/media/photo/88820634.jpg
Andrena fulva,https://observation.org/photos/115072607/,https://www.observation.org/media/photo/115072607.jpg
Andrena fulva,https://observation.org/photos/114963308/,https://www.observation.org/media/photo/114963308.jpg
Andrena fulva,https://observation.org/photos/114823817/,https://www.observation.org/media/photo/114823817.jpg
Andrena fulva,https://observation.org/photos/114699983/,https://www.observation.org/media/photo/114699983.jpg
Andrena fulva,https://observation.org/photos/114285134/,https://www.observation.org/media/photo/114285134.jpg
Andrena fulva,https://observation.org/photos/114257898/,https://www.observation.org/media/photo/114257898.jpg
Andrena fulva,https://observation.org/photos/114086679/,https://www.observation.org/media/photo/114086679.jpg
Andrena fulva,https://observation.org/photos/114071651/,https://www.observation.org/media/photo/114071651.jpg
Andrena fulva,https://observation.org/photos/113847838/,https://www.observation.org/media/photo/113847838.jpg
Andrena fulva,https://observation.org/photos/113845005/,https://www.observation.org/media/photo/113845005.jpg
Andrena fulva,https://observation.org/photos/113816641/,https://www.observation.org/media/photo/113816641.jpg
Andrena fulva,https://observation.org/photos/113689409/,https://www.observation.org/media/photo/113689409.jpg
Andrena fulva,https://observation.org/photos/113673719/,https://www.observation.org/media/photo/113673719.jpg
Andrena fulva,https://observation.org/photos/114430205/,https://www.observation.org/media/photo/114430205.jpg
Andrena fulva,https://observation.org/photos/113589758/,https://www.observation.org/media/photo/113589758.jpg
Andrena fulva,https://observation.org/photos/113649656/,https://www.observation.org/media/photo/113649656.jpg
Andrena fulva,https://observation.org/photos/113525133/,https://www.observation.org/media/photo/113525133.jpg
Andrena fulva,https://observation.org/photos/113522658/,https://www.observation.org/media/photo/113522658.jpg
Andrena fulva,https://observation.org/photos/113488141/,https://www.observation.org/media/photo/113488141.jpg
Andrena fulva,https://observation.org/photos/114121014/,https://www.observation.org/media/photo/114121014.jpg
Andrena fulva,https://observation.org/photos/113487053/,https://www.observation.org/media/photo/113487053.jpg
Andrena fulva,https://observation.org/photos/113418729/,https://www.observation.org/media/photo/113418729.jpg
Andrena fulva,https://observation.org/photos/113382498/,https://www.observation.org/media/photo/113382498.jpg
Andrena fulva,https://observation.org/photos/113241394/,https://www.observation.org/media/photo/113241394.jpg
Andrena fulva,https://observation.org/photos/113241393/,https://www.observation.org/media/photo/113241393.jpg
Andrena fulva,https://observation.org/photos/113194903/,https://www.observation.org/media/photo/113194903.jpg
Andrena fulva,https://observation.org/photos/113109775/,https://www.observation.org/media/photo/113109775.jpg
Andrena fulva,https://observation.org/photos/113021383/,https://www.observation.org/media/photo/113021383.jpg
Andrena fulva,https://observation.org/photos/112971295/,https://www.observation.org/media/photo/112971295.jpg
Andrena fulva,https://observation.org/photos/112916879/,https://www.observation.org/media/photo/112916879.jpg
Andrena fulva,https://observation.org/photos/112902236/,https://www.observation.org/media/photo/112902236.jpg
Andrena fulva,https://observation.org/photos/112768480/,https://www.observation.org/media/photo/112768480.jpg
Andrena fulva,https://observation.org/photos/112768445/,https://www.observation.org/media/photo/112768445.jpg
Andrena fulva,https://observation.org/photos/112805723/,https://www.observation.org/media/photo/112805723.jpg
Andrena fulva,https://observation.org/photos/112715711/,https://www.observation.org/media/photo/112715711.jpg
Andrena fulva,https://observation.org/photos/112579760/,https://www.observation.org/media/photo/112579760.jpg
Andrena fulva,https://observation.org/photos/112524052/,https://www.observation.org/media/photo/112524052.jpg
Andrena fulva,https://observation.org/photos/112464107/,https://www.observation.org/media/photo/112464107.jpg
Andrena fulva,https://observation.org/photos/112415730/,https://www.observation.org/media/photo/112415730.jpg
Andrena fulva,https://observation.org/photos/111781297/,https://www.observation.org/media/photo/111781297.jpg
Andrena fulva,https://observation.org/photos/111706830/,https://www.observation.org/media/photo/111706830.jpg
Andrena fulva,https://observation.org/photos/112438314/,https://www.observation.org/media/photo/112438314.jpg
Andrena fulva,https://observation.org/photos/89371012/,https://www.observation.org/media/photo/89371012.jpg
Andrena fulva,https://observation.org/photos/88925964/,https://www.observation.org/media/photo/88925964.jpg
Andrena fulva,https://observation.org/photos/88835476/,https://www.observation.org/media/photo/88835476.jpg
Andrena nitida,https://observation.org/photos/115173478/,https://www.observation.org/media/photo/115173478.jpg
Andrena nitida,https://observation.org/photos/115095950/,https://www.observation.org/media/photo/115095950.jpg
Andrena nitida,https://observation.org/photos/115005099/,https://www.observation.org/media/photo/115005099.jpg
Andrena nitida,https://observation.org/photos/114799709/,https://www.observation.org/media/photo/114799709.jpg
Andrena nitida,https://observation.org/photos/114297295/,https://www.observation.org/media/photo/114297295.jpg
Andrena nitida,https://observation.org/photos/114221385/,https://www.observation.org/media/photo/114221385.jpg
Andrena nitida,https://observation.org/photos/114085182/,https://www.observation.org/media/photo/114085182.jpg
Andrena nitida,https://observation.org/photos/113767974/,https://www.observation.org/media/photo/113767974.jpg
Andrena nitida,https://observation.org/photos/113612706/,https://www.observation.org/media/photo/113612706.jpg
Andrena nitida,https://observation.org/photos/113609342/,https://www.observation.org/media/photo/113609342.jpg
Andrena nitida,https://observation.org/photos/113589894/,https://www.observation.org/media/photo/113589894.jpg
Andrena nitida,https://observation.org/photos/113566417/,https://www.observation.org/media/photo/113566417.jpg
Andrena nitida,https://observation.org/photos/113398871/,https://www.observation.org/media/photo/113398871.jpg
Andrena nitida,https://observation.org/photos/113310368/,https://www.observation.org/media/photo/113310368.jpg
Andrena nitida,https://observation.org/photos/113242666/,https://www.observation.org/media/photo/113242666.jpg
Andrena nitida,https://observation.org/photos/113202888/,https://www.observation.org/media/photo/113202888.jpg
Andrena nitida,https://observation.org/photos/113013302/,https://www.observation.org/media/photo/113013302.jpg
Andrena nitida,https://observation.org/photos/112931687/,https://www.observation.org/media/photo/112931687.jpg
Andrena nitida,https://observation.org/photos/112929066/,https://www.observation.org/media/photo/112929066.jpg
Andrena nitida,https://observation.org/photos/112845282/,https://www.observation.org/media/photo/112845282.jpg
Andrena nitida,https://observation.org/photos/112820384/,https://www.observation.org/media/photo/112820384.jpg
Andrena nitida,https://observation.org/photos/112622731/,https://www.observation.org/media/photo/112622731.jpg
Andrena nitida,https://observation.org/photos/112615293/,https://www.observation.org/media/photo/112615293.jpg
Andrena nitida,https://observation.org/photos/112615292/,https://www.observation.org/media/photo/112615292.jpg
Andrena nitida,https://observation.org/photos/112476390/,https://www.observation.org/media/photo/112476390.jpg
Andrena nitida,https://observation.org/photos/112448709/,https://www.observation.org/media/photo/112448709.jpg
Andrena nitida,https://observation.org/photos/107270563/,https://www.observation.org/media/photo/107270563.jpg
Andrena nitida,https://observation.org/photos/92038482/,https://www.observation.org/media/photo/92038482.jpg
Andrena nitida,https://observation.org/photos/91859234/,https://www.observation.org/media/photo/91859234.jpg
Andrena nitida,https://observation.org/photos/91356846/,https://www.observation.org/media/photo/91356846.jpg
Andrena nitida,https://observation.org/photos/91274803/,https://www.observation.org/media/photo/91274803.jpg
Andrena nitida,https://observation.org/photos/91097594/,https://www.observation.org/media/photo/91097594.jpg
Andrena nitida,https://observation.org/photos/90444824/,https://www.observation.org/media/photo/90444824.jpg
Andrena nitida,https://observation.org/photos/89610599/,https://www.observation.org/media/photo/89610599.jpg
Andrena nitida,https://observation.org/photos/89610030/,https://www.observation.org/media/photo/89610030.jpg
Andrena nitida,https://observation.org/photos/89513748/,https://www.observation.org/media/photo/89513748.jpg
Andrena nitida,https://observation.org/photos/89393236/,https://www.observation.org/media/photo/89393236.jpg
Andrena nitida,https://observation.org/photos/89389441/,https://www.observation.org/media/photo/89389441.jpg
Andrena nitida,https://observation.org/photos/89118360/,https://www.observation.org/media/photo/89118360.jpg
Andrena nitida,https://observation.org/photos/89109018/,https://www.observation.org/media/photo/89109018.jpg
Andrena nitida,https://observation.org/photos/88909980/,https://www.observation.org/media/photo/88909980.jpg
Andrena nitida,https://observation.org/photos/88788802/,https://www.observation.org/media/photo/88788802.jpg
Andrena nitida,https://observation.org/photos/88752563/,https://www.observation.org/media/photo/88752563.jpg
Andrena synadelpha,https://observation.org/photos/89722561/,https://www.observation.org/media/photo/89722561.jpg
Andrena synadelpha,https://observation.org/photos/88827973/,https://www.observation.org/media/photo/88827973.jpg
Andrena synadelpha,https://observation.org/photos/116256348/,https://www.observation.org/media/photo/116256348.jpg
Andrena synadelpha,https://observation.org/photos/88571706/,https://www.observation.org/media/photo/88571706.jpg
Andrena synadelpha,https://observation.org/photos/88436816/,https://www.observation.org/media/photo/88436816.jpg
Andrena synadelpha,https://observation.org/photos/88392804/,https://www.observation.org/media/photo/88392804.jpg
Andrena synadelpha,https://observation.org/photos/88367023/,https://www.observation.org/media/photo/88367023.jpg
Andrena synadelpha,https://observation.org/photos/88367021/,https://www.observation.org/media/photo/88367021.jpg
Andrena synadelpha,https://observation.org/photos/87866570/,https://www.observation.org/media/photo/87866570.jpg
Andrena synadelpha,https://observation.org/photos/87760761/,https://www.observation.org/media/photo/87760761.jpg
Andrena synadelpha,https://observation.org/photos/87690271/,https://www.observation.org/media/photo/87690271.jpg
Andrena synadelpha,https://observation.org/photos/87690270/,https://www.observation.org/media/photo/87690270.jpg
Andrena synadelpha,https://observation.org/photos/65028975/,https://www.observation.org/media/photo/65028975.jpg
Andrena synadelpha,https://observation.org/photos/64980184/,https://www.observation.org/media/photo/64980184.jpg
Andrena synadelpha,https://observation.org/photos/64980131/,https://www.observation.org/media/photo/64980131.jpg
Andrena synadelpha,https://observation.org/photos/64980090/,https://www.observation.org/media/photo/64980090.jpg
Andrena synadelpha,https://observation.org/photos/64980087/,https://www.observation.org/media/photo/64980087.jpg
Andrena synadelpha,https://observation.org/photos/64972151/,https://www.observation.org/media/photo/64972151.jpg
Andrena synadelpha,https://observation.org/photos/64972109/,https://www.observation.org/media/photo/64972109.jpg
Andrena synadelpha,https://observation.org/photos/64972108/,https://www.observation.org/media/photo/64972108.jpg
Andrena synadelpha,https://observation.org/photos/63875026/,https://www.observation.org/media/photo/63875026.jpg
Andrena synadelpha,https://observation.org/photos/63869991/,https://www.observation.org/media/photo/63869991.jpg
Andrena synadelpha,https://observation.org/photos/51118148/,https://www.observation.org/media/photo/51118148.jpg
Andrena synadelpha,https://observation.org/photos/48811939/,https://www.observation.org/media/photo/48811939.jpg
Andrena synadelpha,https://observation.org/photos/48407414/,https://www.observation.org/media/photo/48407414.jpg
Andrena synadelpha,https://observation.org/photos/58695190/,https://www.observation.org/media/photo/58695190.jpg
Andrena synadelpha,https://observation.org/photos/110155034/,https://www.observation.org/media/photo/110155034.jpg
Andrena synadelpha,https://observation.org/photos/36242634/,https://www.observation.org/media/photo/36242634.jpg
Andrena synadelpha,https://observation.org/photos/35332327/,https://www.observation.org/media/photo/35332327.jpg
Andrena synadelpha,https://observation.org/photos/35332325/,https://www.observation.org/media/photo/35332325.jpg
Andrena synadelpha,https://observation.org/photos/38337922/,https://www.observation.org/media/photo/38337922.jpg
Andrena synadelpha,https://observation.org/photos/38337918/,https://www.observation.org/media/photo/38337918.jpg
Andrena synadelpha,https://observation.org/photos/34424897/,https://www.observation.org/media/photo/34424897.jpg
Andrena synadelpha,https://observation.org/photos/25754718/,https://www.observation.org/media/photo/25754718.jpg
Andrena synadelpha,https://observation.org/photos/25679188/,https://www.observation.org/media/photo/25679188.jpg
Andrena synadelpha,https://observation.org/photos/21262559/,https://www.observation.org/media/photo/21262559.jpg
Andrena synadelpha,https://observation.org/photos/20655403/,https://www.observation.org/media/photo/20655403.jpg
Andrena synadelpha,https://observation.org/photos/22755726/,https://www.observation.org/media/photo/22755726.jpg
Andrena synadelpha,https://observation.org/photos/20359511/,https://www.observation.org/media/photo/20359511.jpg
Andrena synadelpha,https://observation.org/photos/20359510/,https://www.observation.org/media/photo/20359510.jpg
Andrena synadelpha,https://observation.org/photos/20357962/,https://www.observation.org/media/photo/20357962.jpg
Andrena synadelpha,https://observation.org/photos/20357961/,https://www.observation.org/media/photo/20357961.jpg
Andrena synadelpha,https://observation.org/photos/13466276/,https://www.observation.org/media/photo/13466276.jpg
Andrena thoracica,https://observation.org/photos/89390984/,https://www.observation.org/media/photo/89390984.jpg
Andrena thoracica,https://observation.org/photos/89390982/,https://www.observation.org/media/photo/89390982.jpg
Andrena thoracica,https://observation.org/photos/116105574/,https://www.observation.org/media/photo/116105574.jpg
Andrena thoracica,https://observation.org/photos/115469124/,https://www.observation.org/media/photo/115469124.jpg
Andrena thoracica,https://observation.org/photos/115469123/,https://www.observation.org/media/photo/115469123.jpg
Andrena thoracica,https://observation.org/photos/87931850/,https://www.observation.org/media/photo/87931850.jpg
Andrena thoracica,https://observation.org/photos/87931804/,https://www.observation.org/media/photo/87931804.jpg
Andrena thoracica,https://observation.org/photos/87931803/,https://www.observation.org/media/photo/87931803.jpg
Andrena thoracica,https://observation.org/photos/87931802/,https://www.observation.org/media/photo/87931802.jpg
Andrena thoracica,https://observation.org/photos/77200902/,https://www.observation.org/media/photo/77200902.jpg
Andrena thoracica,https://observation.org/photos/77200900/,https://www.observation.org/media/photo/77200900.jpg
Andrena thoracica,https://observation.org/photos/70981166/,https://www.observation.org/media/photo/70981166.jpg
Andrena thoracica,https://observation.org/photos/65056109/,https://www.observation.org/media/photo/65056109.jpg
Andrena thoracica,https://observation.org/photos/65056107/,https://www.observation.org/media/photo/65056107.jpg
Andrena thoracica,https://observation.org/photos/65056106/,https://www.observation.org/media/photo/65056106.jpg
Andrena thoracica,https://observation.org/photos/65056105/,https://www.observation.org/media/photo/65056105.jpg
Andrena thoracica,https://observation.org/photos/63581657/,https://www.observation.org/media/photo/63581657.jpg
Andrena thoracica,https://observation.org/photos/63581656/,https://www.observation.org/media/photo/63581656.jpg
Andrena thoracica,https://observation.org/photos/34919003/,https://www.observation.org/media/photo/34919003.jpg
Andrena thoracica,https://observation.org/photos/34919002/,https://www.observation.org/media/photo/34919002.jpg
Andrena thoracica,https://observation.org/photos/34251247/,https://www.observation.org/media/photo/34251247.jpg
Andrena thoracica,https://observation.org/photos/34251246/,https://www.observation.org/media/photo/34251246.jpg
Andrena thoracica,https://observation.org/photos/24602091/,https://www.observation.org/media/photo/24602091.jpg
Andrena thoracica,https://observation.org/photos/24602090/,https://www.observation.org/media/photo/24602090.jpg
Andrena thoracica,https://observation.org/photos/24602089/,https://www.observation.org/media/photo/24602089.jpg
Andrena thoracica,https://observation.org/photos/24602088/,https://www.observation.org/media/photo/24602088.jpg
Andrena thoracica,https://observation.org/photos/24602087/,https://www.observation.org/media/photo/24602087.jpg
Andrena thoracica,https://observation.org/photos/18630677/,https://www.observation.org/media/photo/18630677.jpg
Andrena thoracica,https://observation.org/photos/18630655/,https://www.observation.org/media/photo/18630655.jpg
Andrena thoracica,https://observation.org/photos/18630654/,https://www.observation.org/media/photo/18630654.jpg
Andrena thoracica,https://observation.org/photos/18630653/,https://www.observation.org/media/photo/18630653.jpg
Andrena thoracica,https://observation.org/photos/16129075/,https://www.observation.org/media/photo/16129075.jpg
Andrena thoracica,https://observation.org/photos/16129074/,https://www.observation.org/media/photo/16129074.jpg
Andrena thoracica,https://observation.org/photos/19608662/,https://www.observation.org/media/photo/19608662.jpg
Andrena thoracica,https://observation.org/photos/98865176/,https://www.observation.org/media/photo/98865176.jpg
Andrena thoracica,https://observation.org/photos/98865173/,https://www.observation.org/media/photo/98865173.jpg
Andrena thoracica,https://observation.org/photos/98865172/,https://www.observation.org/media/photo/98865172.jpg
Andrena thoracica,https://observation.org/photos/98848268/,https://www.observation.org/media/photo/98848268.jpg
Andrena thoracica,https://observation.org/photos/1086711/,https://www.observation.org/media/photo/1086711.jpg
Andrena trimmerana,https://observation.org/photos/113033807/,https://www.observation.org/media/photo/113033807.jpg
Andrena trimmerana,https://observation.org/photos/111722516/,https://www.observation.org/media/photo/111722516.jpg
Andrena trimmerana,https://observation.org/photos/97581992/,https://www.observation.org/media/photo/97581992.jpg
Andrena trimmerana,https://observation.org/photos/97491436/,https://www.observation.org/media/photo/97491436.jpg
Andrena trimmerana,https://observation.org/photos/94669928/,https://www.observation.org/media/photo/94669928.jpg
Andrena trimmerana,https://observation.org/photos/87938849/,https://www.observation.org/media/photo/87938849.jpg
Andrena trimmerana,https://observation.org/photos/85619413/,https://www.observation.org/media/photo/85619413.jpg
Andrena trimmerana,https://observation.org/photos/85215830/,https://www.observation.org/media/photo/85215830.jpg
Andrena trimmerana,https://observation.org/photos/63962872/,https://www.observation.org/media/photo/63962872.jpg
Andrena trimmerana,https://observation.org/photos/63823816/,https://www.observation.org/media/photo/63823816.jpg
Andrena trimmerana,https://observation.org/photos/63823573/,https://www.observation.org/media/photo/63823573.jpg
Andrena trimmerana,https://observation.org/photos/63781825/,https://www.observation.org/media/photo/63781825.jpg
Andrena trimmerana,https://observation.org/photos/63299879/,https://www.observation.org/media/photo/63299879.jpg
Andrena trimmerana,https://observation.org/photos/63395083/,https://www.observation.org/media/photo/63395083.jpg
Andrena trimmerana,https://observation.org/photos/55374597/,https://www.observation.org/media/photo/55374597.jpg
Andrena trimmerana,https://observation.org/photos/47029602/,https://www.observation.org/media/photo/47029602.jpg
Andrena trimmerana,https://observation.org/photos/46824078/,https://www.observation.org/media/photo/46824078.jpg
Andrena trimmerana,https://observation.org/photos/46744256/,https://www.observation.org/media/photo/46744256.jpg
Andrena trimmerana,https://observation.org/photos/46746943/,https://www.observation.org/media/photo/46746943.jpg
Andrena trimmerana,https://observation.org/photos/34199762/,https://www.observation.org/media/photo/34199762.jpg
Andrena trimmerana,https://observation.org/photos/34325027/,https://www.observation.org/media/photo/34325027.jpg
Andrena trimmerana,https://observation.org/photos/34050426/,https://www.observation.org/media/photo/34050426.jpg
Andrena trimmerana,https://observation.org/photos/34050408/,https://www.observation.org/media/photo/34050408.jpg
Andrena trimmerana,https://observation.org/photos/34033387/,https://www.observation.org/media/photo/34033387.jpg
Andrena trimmerana,https://observation.org/photos/34019213/,https://www.observation.org/media/photo/34019213.jpg
Andrena trimmerana,https://observation.org/photos/34019210/,https://www.observation.org/media/photo/34019210.jpg
Andrena trimmerana,https://observation.org/photos/33981462/,https://www.observation.org/media/photo/33981462.jpg
Andrena trimmerana,https://observation.org/photos/34013112/,https://www.observation.org/media/photo/34013112.jpg
Andrena trimmerana,https://observation.org/photos/33933869/,https://www.observation.org/media/photo/33933869.jpg
Andrena trimmerana,https://observation.org/photos/33932864/,https://www.observation.org/media/photo/33932864.jpg
Andrena trimmerana,https://observation.org/photos/33926969/,https://www.observation.org/media/photo/33926969.jpg
Andrena trimmerana,https://observation.org/photos/33891239/,https://www.observation.org/media/photo/33891239.jpg
Andrena trimmerana,https://observation.org/photos/33913826/,https://www.observation.org/media/photo/33913826.jpg
Andrena trimmerana,https://observation.org/photos/33908694/,https://www.observation.org/media/photo/33908694.jpg
Andrena trimmerana,https://observation.org/photos/33803322/,https://www.observation.org/media/photo/33803322.jpg
Andrena vaga,https://observation.org/photos/114730044/,https://www.observation.org/media/photo/114730044.jpg
Andrena vaga,https://observation.org/photos/114572278/,https://www.observation.org/media/photo/114572278.jpg
Andrena vaga,https://observation.org/photos/114496751/,https://www.observation.org/media/photo/114496751.jpg
Andrena vaga,https://observation.org/photos/114294883/,https://www.observation.org/media/photo/114294883.jpg
Andrena vaga,https://observation.org/photos/114017268/,https://www.observation.org/media/photo/114017268.jpg
Andrena vaga,https://observation.org/photos/113947618/,https://www.observation.org/media/photo/113947618.jpg
Andrena vaga,https://observation.org/photos/113918776/,https://www.observation.org/media/photo/113918776.jpg
Andrena vaga,https://observation.org/photos/113875735/,https://www.observation.org/media/photo/113875735.jpg
Andrena vaga,https://observation.org/photos/113801250/,https://www.observation.org/media/photo/113801250.jpg
Andrena vaga,https://observation.org/photos/113778721/,https://www.observation.org/media/photo/113778721.jpg
Andrena vaga,https://observation.org/photos/113657740/,https://www.observation.org/media/photo/113657740.jpg
Andrena vaga,https://observation.org/photos/114899453/,https://www.observation.org/media/photo/114899453.jpg
Andrena vaga,https://observation.org/photos/113630416/,https://www.observation.org/media/photo/113630416.jpg
Andrena vaga,https://observation.org/photos/113584937/,https://www.observation.org/media/photo/113584937.jpg
Andrena vaga,https://observation.org/photos/113478828/,https://www.observation.org/media/photo/113478828.jpg
Andrena vaga,https://observation.org/photos/113450083/,https://www.observation.org/media/photo/113450083.jpg
Andrena vaga,https://observation.org/photos/113457355/,https://www.observation.org/media/photo/113457355.jpg
Andrena vaga,https://observation.org/photos/113431991/,https://www.observation.org/media/photo/113431991.jpg
Andrena vaga,https://observation.org/photos/114407487/,https://www.observation.org/media/photo/114407487.jpg
Andrena vaga,https://observation.org/photos/113671239/,https://www.observation.org/media/photo/113671239.jpg
Andrena vaga,https://observation.org/photos/113348852/,https://www.observation.org/media/photo/113348852.jpg
Andrena vaga,https://observation.org/photos/113343844/,https://www.observation.org/media/photo/113343844.jpg
Andrena vaga,https://observation.org/photos/113245546/,https://www.observation.org/media/photo/113245546.jpg
Andrena vaga,https://observation.org/photos/113237976/,https://www.observation.org/media/photo/113237976.jpg
Andrena vaga,https://observation.org/photos/113205483/,https://www.observation.org/media/photo/113205483.jpg
Andrena vaga,https://observation.org/photos/113187235/,https://www.observation.org/media/photo/113187235.jpg
Andrena vaga,https://observation.org/photos/113225280/,https://www.observation.org/media/photo/113225280.jpg
Andrena vaga,https://observation.org/photos/113169241/,https://www.observation.org/media/photo/113169241.jpg
Andrena vaga,https://observation.org/photos/113309469/,https://www.observation.org/media/photo/113309469.jpg
Andrena vaga,https://observation.org/photos/113058210/,https://www.observation.org/media/photo/113058210.jpg
Andrena vaga,https://observation.org/photos/113290330/,https://www.observation.org/media/photo/113290330.jpg
Andrena vaga,https://observation.org/photos/112987272/,https://www.observation.org/media/photo/112987272.jpg
Andrena vaga,https://observation.org/photos/113302134/,https://www.observation.org/media/photo/113302134.jpg
Andrena vaga,https://observation.org/photos/112938586/,https://www.observation.org/media/photo/112938586.jpg
Andrena vaga,https://observation.org/photos/112926478/,https://www.observation.org/media/photo/112926478.jpg
Andrena vaga,https://observation.org/photos/112925794/,https://www.observation.org/media/photo/112925794.jpg
Andrena vaga,https://observation.org/photos/112914188/,https://www.observation.org/media/photo/112914188.jpg
Andrena vaga,https://observation.org/photos/112847689/,https://www.observation.org/media/photo/112847689.jpg
Andrena vaga,https://observation.org/photos/112835799/,https://www.observation.org/media/photo/112835799.jpg
Andrena vaga,https://observation.org/photos/112805181/,https://www.observation.org/media/photo/112805181.jpg
Andrena vaga,https://observation.org/photos/112780883/,https://www.observation.org/media/photo/112780883.jpg
Andrena vaga,https://observation.org/photos/112759954/,https://www.observation.org/media/photo/112759954.jpg
Andrena vaga,https://observation.org/photos/112740749/,https://www.observation.org/media/photo/112740749.jpg
Andrena vaga,https://observation.org/photos/112734014/,https://www.observation.org/media/photo/112734014.jpg
Andrena vaga,https://observation.org/photos/112733742/,https://www.observation.org/media/photo/112733742.jpg
Andrena vaga,https://observation.org/photos/112733248/,https://www.observation.org/media/photo/112733248.jpg
Andrena vaga,https://observation.org/photos/112721953/,https://www.observation.org/media/photo/112721953.jpg
Andrena vaga,https://observation.org/photos/112701065/,https://www.observation.org/media/photo/112701065.jpg
Andrena vaga,https://observation.org/photos/112699133/,https://www.observation.org/media/photo/112699133.jpg
Andrena vaga,https://observation.org/photos/112695455/,https://www.observation.org/media/photo/112695455.jpg
Andrena vaga,https://observation.org/photos/112695453/,https://www.observation.org/media/photo/112695453.jpg
Andrena vaga,https://observation.org/photos/113306974/,https://www.observation.org/media/photo/113306974.jpg
Andrena vaga,https://observation.org/photos/112994911/,https://www.observation.org/media/photo/112994911.jpg
Andrena vaga,https://observation.org/photos/112684088/,https://www.observation.org/media/photo/112684088.jpg
Andrena vaga,https://observation.org/photos/112665775/,https://www.observation.org/media/photo/112665775.jpg
Andrena vaga,https://observation.org/photos/112648142/,https://www.observation.org/media/photo/112648142.jpg
Andrena vaga,https://observation.org/photos/112628691/,https://www.observation.org/media/photo/112628691.jpg
Andrena vaga,https://observation.org/photos/112628455/,https://www.observation.org/media/photo/112628455.jpg
Andrena vaga,https://observation.org/photos/112623935/,https://www.observation.org/media/photo/112623935.jpg
Andrena vaga,https://observation.org/photos/112613474/,https://www.observation.org/media/photo/112613474.jpg
Andrena vaga,https://observation.org/photos/112596668/,https://www.observation.org/media/photo/112596668.jpg
Andrena vaga,https://observation.org/photos/112582803/,https://www.observation.org/media/photo/112582803.jpg
Andrena vaga,https://observation.org/photos/112544175/,https://www.observation.org/media/photo/112544175.jpg
Andrena vaga,https://observation.org/photos/112515459/,https://www.observation.org/media/photo/112515459.jpg
Andrena vaga,https://observation.org/photos/112529602/,https://www.observation.org/media/photo/112529602.jpg
Andrena vaga,https://observation.org/photos/112461679/,https://www.observation.org/media/photo/112461679.jpg
Andrena vaga,https://observation.org/photos/112456354/,https://www.observation.org/media/photo/112456354.jpg
Andrena vaga,https://observation.org/photos/112447102/,https://www.observation.org/media/photo/112447102.jpg
Andrena vaga,https://observation.org/photos/112442358/,https://www.observation.org/media/photo/112442358.jpg
Andrena vaga,https://observation.org/photos/112429564/,https://www.observation.org/media/photo/112429564.jpg
Andrena vaga,https://observation.org/photos/112405556/,https://www.observation.org/media/photo/112405556.jpg
Andrena vaga,https://observation.org/photos/112384265/,https://www.observation.org/media/photo/112384265.jpg
Andrena vaga,https://observation.org/photos/112376644/,https://www.observation.org/media/photo/112376644.jpg
Andrena vaga,https://observation.org/photos/112329268/,https://www.observation.org/media/photo/112329268.jpg
Andrena vaga,https://observation.org/photos/112325382/,https://www.observation.org/media/photo/112325382.jpg
Andrena vaga,https://observation.org/photos/112284405/,https://www.observation.org/media/photo/112284405.jpg
Andrena vaga,https://observation.org/photos/112265223/,https://www.observation.org/media/photo/112265223.jpg
Andrena vaga,https://observation.org/photos/112248347/,https://www.observation.org/media/photo/112248347.jpg
Andrena vaga,https://observation.org/photos/112248105/,https://www.observation.org/media/photo/112248105.jpg
Andrena vaga,https://observation.org/photos/112227978/,https://www.observation.org/media/photo/112227978.jpg
Andrena vaga,https://observation.org/photos/112218715/,https://www.observation.org/media/photo/112218715.jpg
Andrena vaga,https://observation.org/photos/112173912/,https://www.observation.org/media/photo/112173912.jpg
Andrena vaga,https://observation.org/photos/112149467/,https://www.observation.org/media/photo/112149467.jpg
Andrena vaga,https://observation.org/photos/112143003/,https://www.observation.org/media/photo/112143003.jpg
Andrena vaga,https://observation.org/photos/112022791/,https://www.observation.org/media/photo/112022791.jpg
Andrena vaga,https://observation.org/photos/111963382/,https://www.observation.org/media/photo/111963382.jpg
Andrena vaga,https://observation.org/photos/112312418/,https://www.observation.org/media/photo/112312418.jpg
Andrena vaga,https://observation.org/photos/112207490/,https://www.observation.org/media/photo/112207490.jpg
Andrena vaga,https://observation.org/photos/111819999/,https://www.observation.org/media/photo/111819999.jpg
Andrena vaga,https://observation.org/photos/111796316/,https://www.observation.org/media/photo/111796316.jpg
Andrena vaga,https://observation.org/photos/111724385/,https://www.observation.org/media/photo/111724385.jpg
Andrena vaga,https://observation.org/photos/111721509/,https://www.observation.org/media/photo/111721509.jpg
Andrena vaga,https://observation.org/photos/111676734/,https://www.observation.org/media/photo/111676734.jpg
Andrena vaga,https://observation.org/photos/111673591/,https://www.observation.org/media/photo/111673591.jpg
Andrena vaga,https://observation.org/photos/111625684/,https://www.observation.org/media/photo/111625684.jpg
Andrena vaga,https://observation.org/photos/111596584/,https://www.observation.org/media/photo/111596584.jpg
Andrena vaga,https://observation.org/photos/111584991/,https://www.observation.org/media/photo/111584991.jpg
Andrena vaga,https://observation.org/photos/111551680/,https://www.observation.org/media/photo/111551680.jpg
Andrena vaga,https://observation.org/photos/111806652/,https://www.observation.org/media/photo/111806652.jpg
Andrena vaga,https://observation.org/photos/111484186/,https://www.observation.org/media/photo/111484186.jpg
Andrena vaga,https://observation.org/photos/111323793/,https://www.observation.org/media/photo/111323793.jpg
Andrena vaga,https://observation.org/photos/111237795/,https://www.observation.org/media/photo/111237795.jpg
Andrena vaga,https://observation.org/photos/90694070/,https://www.observation.org/media/photo/90694070.jpg
Andrena vaga,https://observation.org/photos/90088602/,https://www.observation.org/media/photo/90088602.jpg
Andrena vaga,https://observation.org/photos/89812715/,https://www.observation.org/media/photo/89812715.jpg
Andrena vaga,https://observation.org/photos/89717130/,https://www.observation.org/media/photo/89717130.jpg
Andrena vaga,https://observation.org/photos/89711709/,https://www.observation.org/media/photo/89711709.jpg
Andrena vaga,https://observation.org/photos/89661697/,https://www.observation.org/media/photo/89661697.jpg
Andrena vaga,https://observation.org/photos/90189446/,https://www.observation.org/media/photo/90189446.jpg
Andrena vaga,https://observation.org/photos/89268702/,https://www.observation.org/media/photo/89268702.jpg
Andrena vaga,https://observation.org/photos/89211682/,https://www.observation.org/media/photo/89211682.jpg
Andrena vaga,https://observation.org/photos/88897088/,https://www.observation.org/media/photo/88897088.jpg
Andrena vaga,https://observation.org/photos/89176139/,https://www.observation.org/media/photo/89176139.jpg
Andrena vaga,https://observation.org/photos/88764697/,https://www.observation.org/media/photo/88764697.jpg
Colletes cunicularius,https://observation.org/photos/114835272/,https://www.observation.org/media/photo/114835272.jpg
Colletes cunicularius,https://observation.org/photos/114762748/,https://www.observation.org/media/photo/114762748.jpg
Colletes cunicularius,https://observation.org/photos/113886675/,https://www.observation.org/media/photo/113886675.jpg
Colletes cunicularius,https://observation.org/photos/113339130/,https://www.observation.org/media/photo/113339130.jpg
Colletes cunicularius,https://observation.org/photos/113298291/,https://www.observation.org/media/photo/113298291.jpg
Colletes cunicularius,https://observation.org/photos/113179793/,https://www.observation.org/media/photo/113179793.jpg
Colletes cunicularius,https://observation.org/photos/112707786/,https://www.observation.org/media/photo/112707786.jpg
Colletes cunicularius,https://observation.org/photos/112698412/,https://www.observation.org/media/photo/112698412.jpg
Colletes cunicularius,https://observation.org/photos/112594748/,https://www.observation.org/media/photo/112594748.jpg
Colletes cunicularius,https://observation.org/photos/112522479/,https://www.observation.org/media/photo/112522479.jpg
Colletes cunicularius,https://observation.org/photos/112499076/,https://www.observation.org/media/photo/112499076.jpg
Colletes cunicularius,https://observation.org/photos/112399946/,https://www.observation.org/media/photo/112399946.jpg
Colletes cunicularius,https://observation.org/photos/112326662/,https://www.observation.org/media/photo/112326662.jpg
Colletes cunicularius,https://observation.org/photos/112299599/,https://www.observation.org/media/photo/112299599.jpg
Colletes cunicularius,https://observation.org/photos/112102814/,https://www.observation.org/media/photo/112102814.jpg
Colletes cunicularius,https://observation.org/photos/112102527/,https://www.observation.org/media/photo/112102527.jpg
Colletes cunicularius,https://observation.org/photos/112043374/,https://www.observation.org/media/photo/112043374.jpg
Colletes cunicularius,https://observation.org/photos/111781135/,https://www.observation.org/media/photo/111781135.jpg
Colletes cunicularius,https://observation.org/photos/90444206/,https://www.observation.org/media/photo/90444206.jpg
Colletes daviesanus,https://observation.org/photos/100892411/,https://www.observation.org/media/photo/100892411.jpg
Colletes daviesanus,https://observation.org/photos/80187807/,https://www.observation.org/media/photo/80187807.jpg
Colletes daviesanus,https://observation.org/photos/58280962/,https://www.observation.org/media/photo/58280962.jpg
Colletes daviesanus,https://observation.org/photos/53620890/,https://www.observation.org/media/photo/53620890.jpg
Colletes daviesanus,https://observation.org/photos/52787369/,https://www.observation.org/media/photo/52787369.jpg
Colletes daviesanus,https://observation.org/photos/51191379/,https://www.observation.org/media/photo/51191379.jpg
Colletes daviesanus,https://observation.org/photos/51191377/,https://www.observation.org/media/photo/51191377.jpg
Colletes daviesanus,https://observation.org/photos/45670666/,https://www.observation.org/media/photo/45670666.jpg
Colletes daviesanus,https://observation.org/photos/40082630/,https://www.observation.org/media/photo/40082630.jpg
Colletes daviesanus,https://observation.org/photos/39442376/,https://www.observation.org/media/photo/39442376.jpg
Colletes daviesanus,https://observation.org/photos/38772667/,https://www.observation.org/media/photo/38772667.jpg
Colletes daviesanus,https://observation.org/photos/38739015/,https://www.observation.org/media/photo/38739015.jpg
Colletes daviesanus,https://observation.org/photos/30928184/,https://www.observation.org/media/photo/30928184.jpg
Colletes daviesanus,https://observation.org/photos/32618540/,https://www.observation.org/media/photo/32618540.jpg
Colletes daviesanus,https://observation.org/photos/29054707/,https://www.observation.org/media/photo/29054707.jpg
Colletes daviesanus,https://observation.org/photos/28617494/,https://www.observation.org/media/photo/28617494.jpg
Colletes daviesanus,https://observation.org/photos/28508285/,https://www.observation.org/media/photo/28508285.jpg
Colletes daviesanus,https://observation.org/photos/23096347/,https://www.observation.org/media/photo/23096347.jpg
Colletes daviesanus,https://observation.org/photos/25293838/,https://www.observation.org/media/photo/25293838.jpg
Colletes floralis,https://observation.org/photos/70019485/,https://www.observation.org/media/photo/70019485.jpg
Colletes floralis,https://observation.org/photos/70019483/,https://www.observation.org/media/photo/70019483.jpg
Colletes floralis,https://observation.org/photos/70019482/,https://www.observation.org/media/photo/70019482.jpg
Colletes floralis,https://observation.org/photos/54711968/,https://www.observation.org/media/photo/54711968.jpg
Colletes floralis,https://observation.org/photos/54637475/,https://www.observation.org/media/photo/54637475.jpg
Colletes floralis,https://observation.org/photos/24066681/,https://www.observation.org/media/photo/24066681.jpg
Colletes fodiens,https://observation.org/photos/101251741/,https://www.observation.org/media/photo/101251741.jpg
Colletes fodiens,https://observation.org/photos/94161818/,https://www.observation.org/media/photo/94161818.jpg
Colletes fodiens,https://observation.org/photos/72251409/,https://www.observation.org/media/photo/72251409.jpg
Colletes fodiens,https://observation.org/photos/72251408/,https://www.observation.org/media/photo/72251408.jpg
Colletes fodiens,https://observation.org/photos/72251407/,https://www.observation.org/media/photo/72251407.jpg
Colletes fodiens,https://observation.org/photos/56109927/,https://www.observation.org/media/photo/56109927.jpg
Colletes fodiens,https://observation.org/photos/54850107/,https://www.observation.org/media/photo/54850107.jpg
Colletes fodiens,https://observation.org/photos/55269683/,https://www.observation.org/media/photo/55269683.jpg
Colletes fodiens,https://observation.org/photos/54687079/,https://www.observation.org/media/photo/54687079.jpg
Colletes fodiens,https://observation.org/photos/39984244/,https://www.observation.org/media/photo/39984244.jpg
Colletes fodiens,https://observation.org/photos/39984243/,https://www.observation.org/media/photo/39984243.jpg
Colletes fodiens,https://observation.org/photos/84180807/,https://www.observation.org/media/photo/84180807.jpg
Colletes fodiens,https://observation.org/photos/29300087/,https://www.observation.org/media/photo/29300087.jpg
Colletes fodiens,https://observation.org/photos/29538732/,https://www.observation.org/media/photo/29538732.jpg
Colletes fodiens,https://observation.org/photos/32234383/,https://www.observation.org/media/photo/32234383.jpg
Colletes fodiens,https://observation.org/photos/32234382/,https://www.observation.org/media/photo/32234382.jpg
Colletes fodiens,https://observation.org/photos/28437743/,https://www.observation.org/media/photo/28437743.jpg
Colletes fodiens,https://observation.org/photos/7032635/,https://www.observation.org/media/photo/7032635.jpg
Colletes fodiens,https://observation.org/photos/379041/,https://www.observation.org/media/photo/379041.jpg
Colletes fodiens,https://observation.org/photos/377648/,https://www.observation.org/media/photo/377648.jpg
Colletes halophilus,https://observation.org/photos/78092957/,https://www.observation.org/media/photo/78092957.jpg
Colletes halophilus,https://observation.org/photos/76380791/,https://www.observation.org/media/photo/76380791.jpg
Colletes halophilus,https://observation.org/photos/76380788/,https://www.observation.org/media/photo/76380788.jpg
Colletes halophilus,https://observation.org/photos/57588556/,https://www.observation.org/media/photo/57588556.jpg
Colletes halophilus,https://observation.org/photos/42674276/,https://www.observation.org/media/photo/42674276.jpg
Colletes halophilus,https://observation.org/photos/42062211/,https://www.observation.org/media/photo/42062211.jpg
Colletes halophilus,https://observation.org/photos/30723048/,https://www.observation.org/media/photo/30723048.jpg
Colletes halophilus,https://observation.org/photos/30718407/,https://www.observation.org/media/photo/30718407.jpg
Colletes halophilus,https://observation.org/photos/23203873/,https://www.observation.org/media/photo/23203873.jpg
Colletes halophilus,https://observation.org/photos/18727628/,https://www.observation.org/media/photo/18727628.jpg
Colletes halophilus,https://observation.org/photos/19274592/,https://www.observation.org/media/photo/19274592.jpg
Colletes halophilus,https://observation.org/photos/14967079/,https://www.observation.org/media/photo/14967079.jpg
Colletes halophilus,https://observation.org/photos/12132615/,https://www.observation.org/media/photo/12132615.jpg
Colletes halophilus,https://observation.org/photos/12020093/,https://www.observation.org/media/photo/12020093.jpg
Colletes halophilus,https://observation.org/photos/12232142/,https://www.observation.org/media/photo/12232142.jpg
Colletes halophilus,https://observation.org/photos/898269/,https://www.observation.org/media/photo/898269.jpg
Colletes halophilus,https://observation.org/photos/881506/,https://www.observation.org/media/photo/881506.jpg
Colletes halophilus,https://observation.org/photos/531625/,https://www.observation.org/media/photo/531625.jpg
Colletes halophilus,https://observation.org/photos/83538/,https://www.observation.org/media/photo/83538.jpg
Colletes hederae,https://observation.org/photos/106130939/,https://www.observation.org/media/photo/106130939.jpg
Colletes hederae,https://observation.org/photos/105833734/,https://www.observation.org/media/photo/105833734.jpg
Colletes hederae,https://observation.org/photos/105473252/,https://www.observation.org/media/photo/105473252.jpg
Colletes hederae,https://observation.org/photos/105363247/,https://www.observation.org/media/photo/105363247.jpg
Colletes hederae,https://observation.org/photos/105293609/,https://www.observation.org/media/photo/105293609.jpg
Colletes hederae,https://observation.org/photos/105227778/,https://www.observation.org/media/photo/105227778.jpg
Colletes hederae,https://observation.org/photos/104717817/,https://www.observation.org/media/photo/104717817.jpg
Colletes hederae,https://observation.org/photos/104671276/,https://www.observation.org/media/photo/104671276.jpg
Colletes hederae,https://observation.org/photos/104649080/,https://www.observation.org/media/photo/104649080.jpg
Colletes hederae,https://observation.org/photos/104505331/,https://www.observation.org/media/photo/104505331.jpg
Colletes hederae,https://observation.org/photos/104339371/,https://www.observation.org/media/photo/104339371.jpg
Colletes hederae,https://observation.org/photos/104051372/,https://www.observation.org/media/photo/104051372.jpg
Colletes hederae,https://observation.org/photos/103620608/,https://www.observation.org/media/photo/103620608.jpg
Colletes hederae,https://observation.org/photos/103322020/,https://www.observation.org/media/photo/103322020.jpg
Colletes hederae,https://observation.org/photos/103299278/,https://www.observation.org/media/photo/103299278.jpg
Colletes hederae,https://observation.org/photos/103241074/,https://www.observation.org/media/photo/103241074.jpg
Colletes hederae,https://observation.org/photos/103216879/,https://www.observation.org/media/photo/103216879.jpg
Colletes hederae,https://observation.org/photos/103069735/,https://www.observation.org/media/photo/103069735.jpg
Colletes hederae,https://observation.org/photos/103719456/,https://www.observation.org/media/photo/103719456.jpg
Colletes hederae,https://observation.org/photos/102829970/,https://www.observation.org/media/photo/102829970.jpg
Colletes hylaeiformis,https://observation.org/photos/101685915/,https://www.observation.org/media/photo/101685915.jpg
Colletes hylaeiformis,https://observation.org/photos/101685914/,https://www.observation.org/media/photo/101685914.jpg
Colletes hylaeiformis,https://observation.org/photos/101685913/,https://www.observation.org/media/photo/101685913.jpg
Colletes hylaeiformis,https://observation.org/photos/74580139/,https://www.observation.org/media/photo/74580139.jpg
Colletes hylaeiformis,https://observation.org/photos/55203004/,https://www.observation.org/media/photo/55203004.jpg
Colletes hylaeiformis,https://observation.org/photos/22738684/,https://www.observation.org/media/photo/22738684.jpg
Colletes hylaeiformis,https://observation.org/photos/22738682/,https://www.observation.org/media/photo/22738682.jpg
Colletes hylaeiformis,https://observation.org/photos/14954273/,https://www.observation.org/media/photo/14954273.jpg
Colletes hylaeiformis,https://observation.org/photos/14954272/,https://www.observation.org/media/photo/14954272.jpg
Colletes hylaeiformis,https://observation.org/photos/14954271/,https://www.observation.org/media/photo/14954271.jpg
Colletes impunctatus,https://observation.org/photos/117285931/,https://www.observation.org/media/photo/117285931.jpg
Colletes impunctatus,https://observation.org/photos/117285930/,https://www.observation.org/media/photo/117285930.jpg
Colletes impunctatus,https://observation.org/photos/117285929/,https://www.observation.org/media/photo/117285929.jpg
Colletes impunctatus,https://observation.org/photos/117285928/,https://www.observation.org/media/photo/117285928.jpg
Colletes impunctatus,https://observation.org/photos/117285927/,https://www.observation.org/media/photo/117285927.jpg
Colletes impunctatus,https://observation.org/photos/53170029/,https://www.observation.org/media/photo/53170029.jpg
Colletes impunctatus,https://observation.org/photos/53170028/,https://www.observation.org/media/photo/53170028.jpg
Colletes impunctatus,https://observation.org/photos/53170027/,https://www.observation.org/media/photo/53170027.jpg
Colletes impunctatus,https://observation.org/photos/53170026/,https://www.observation.org/media/photo/53170026.jpg
Colletes impunctatus,https://observation.org/photos/53170025/,https://www.observation.org/media/photo/53170025.jpg
Colletes marginatus,https://observation.org/photos/97447526/,https://www.observation.org/media/photo/97447526.jpg
Colletes marginatus,https://observation.org/photos/97070506/,https://www.observation.org/media/photo/97070506.jpg
Colletes marginatus,https://observation.org/photos/96778783/,https://www.observation.org/media/photo/96778783.jpg
Colletes marginatus,https://observation.org/photos/96778689/,https://www.observation.org/media/photo/96778689.jpg
Colletes marginatus,https://observation.org/photos/94173179/,https://www.observation.org/media/photo/94173179.jpg
Colletes marginatus,https://observation.org/photos/70976607/,https://www.observation.org/media/photo/70976607.jpg
Colletes marginatus,https://observation.org/photos/70212465/,https://www.observation.org/media/photo/70212465.jpg
Colletes marginatus,https://observation.org/photos/69840358/,https://www.observation.org/media/photo/69840358.jpg
Colletes marginatus,https://observation.org/photos/69591719/,https://www.observation.org/media/photo/69591719.jpg
Colletes marginatus,https://observation.org/photos/69591718/,https://www.observation.org/media/photo/69591718.jpg
Colletes marginatus,https://observation.org/photos/55668826/,https://www.observation.org/media/photo/55668826.jpg
Colletes marginatus,https://observation.org/photos/55370545/,https://www.observation.org/media/photo/55370545.jpg
Colletes marginatus,https://observation.org/photos/27682023/,https://www.observation.org/media/photo/27682023.jpg
Colletes marginatus,https://observation.org/photos/27864909/,https://www.observation.org/media/photo/27864909.jpg
Colletes marginatus,https://observation.org/photos/22500413/,https://www.observation.org/media/photo/22500413.jpg
Colletes marginatus,https://observation.org/photos/53032239/,https://www.observation.org/media/photo/53032239.jpg
Colletes marginatus,https://observation.org/photos/17815527/,https://www.observation.org/media/photo/17815527.jpg
Colletes marginatus,https://observation.org/photos/17396939/,https://www.observation.org/media/photo/17396939.jpg
Colletes marginatus,https://observation.org/photos/17200835/,https://www.observation.org/media/photo/17200835.jpg
Colletes marginatus,https://observation.org/photos/389251/,https://www.observation.org/media/photo/389251.jpg
Colletes nasutus,https://observation.org/photos/92369866/,https://www.observation.org/media/photo/92369866.jpg
Colletes nasutus,https://observation.org/photos/92369865/,https://www.observation.org/media/photo/92369865.jpg
Colletes nasutus,https://observation.org/photos/92369864/,https://www.observation.org/media/photo/92369864.jpg
Colletes nasutus,https://observation.org/photos/92369863/,https://www.observation.org/media/photo/92369863.jpg
Colletes similis,https://observation.org/photos/102477925/,https://www.observation.org/media/photo/102477925.jpg
Colletes similis,https://observation.org/photos/103870118/,https://www.observation.org/media/photo/103870118.jpg
Colletes similis,https://observation.org/photos/76809240/,https://www.observation.org/media/photo/76809240.jpg
Colletes similis,https://observation.org/photos/76229681/,https://www.observation.org/media/photo/76229681.jpg
Colletes similis,https://observation.org/photos/75014748/,https://www.observation.org/media/photo/75014748.jpg
Colletes similis,https://observation.org/photos/74377286/,https://www.observation.org/media/photo/74377286.jpg
Colletes similis,https://observation.org/photos/72705505/,https://www.observation.org/media/photo/72705505.jpg
Colletes similis,https://observation.org/photos/60661126/,https://www.observation.org/media/photo/60661126.jpg
Colletes similis,https://observation.org/photos/57115479/,https://www.observation.org/media/photo/57115479.jpg
Colletes similis,https://observation.org/photos/52749773/,https://www.observation.org/media/photo/52749773.jpg
Colletes similis,https://observation.org/photos/50929317/,https://www.observation.org/media/photo/50929317.jpg
Colletes similis,https://observation.org/photos/42318177/,https://www.observation.org/media/photo/42318177.jpg
Colletes similis,https://observation.org/photos/38356223/,https://www.observation.org/media/photo/38356223.jpg
Colletes similis,https://observation.org/photos/109185122/,https://www.observation.org/media/photo/109185122.jpg
Colletes similis,https://observation.org/photos/22619815/,https://www.observation.org/media/photo/22619815.jpg
Colletes similis,https://observation.org/photos/22619814/,https://www.observation.org/media/photo/22619814.jpg
Colletes similis,https://observation.org/photos/22120290/,https://www.observation.org/media/photo/22120290.jpg
Colletes similis,https://observation.org/photos/24244417/,https://www.observation.org/media/photo/24244417.jpg
Colletes similis,https://observation.org/photos/17980687/,https://www.observation.org/media/photo/17980687.jpg
Colletes similis,https://observation.org/photos/8819013/,https://www.observation.org/media/photo/8819013.jpg
Colletes succinctus,https://observation.org/photos/104293944/,https://www.observation.org/media/photo/104293944.jpg
Colletes succinctus,https://observation.org/photos/76560277/,https://www.observation.org/media/photo/76560277.jpg
Colletes succinctus,https://observation.org/photos/61110006/,https://www.observation.org/media/photo/61110006.jpg
Colletes succinctus,https://observation.org/photos/57062636/,https://www.observation.org/media/photo/57062636.jpg
Colletes succinctus,https://observation.org/photos/18363823/,https://www.observation.org/media/photo/18363823.jpg
Colletes succinctus,https://observation.org/photos/18209217/,https://www.observation.org/media/photo/18209217.jpg
Colletes succinctus,https://observation.org/photos/18246618/,https://www.observation.org/media/photo/18246618.jpg
Colletes succinctus,https://observation.org/photos/15080730/,https://www.observation.org/media/photo/15080730.jpg
Colletes succinctus,https://observation.org/photos/9337302/,https://www.observation.org/media/photo/9337302.jpg
Colletes succinctus,https://observation.org/photos/7467159/,https://www.observation.org/media/photo/7467159.jpg
Colletes succinctus,https://observation.org/photos/7336301/,https://www.observation.org/media/photo/7336301.jpg
Colletes succinctus,https://observation.org/photos/7301767/,https://www.observation.org/media/photo/7301767.jpg
Colletes succinctus,https://observation.org/photos/5516091/,https://www.observation.org/media/photo/5516091.jpg
Colletes succinctus,https://observation.org/photos/5516086/,https://www.observation.org/media/photo/5516086.jpg
Colletes succinctus,https://observation.org/photos/5395051/,https://www.observation.org/media/photo/5395051.jpg
Colletes succinctus,https://observation.org/photos/5366692/,https://www.observation.org/media/photo/5366692.jpg
Colletes succinctus,https://observation.org/photos/5275856/,https://www.observation.org/media/photo/5275856.jpg
Colletes succinctus,https://observation.org/photos/5328742/,https://www.observation.org/media/photo/5328742.jpg
Colletes succinctus,https://observation.org/photos/3967796/,https://www.observation.org/media/photo/3967796.jpg
Colletes succinctus,https://observation.org/photos/2628085/,https://www.observation.org/media/photo/2628085.jpg
